condition,point_id,case_type,phrasing,repeat,goal_or_claim,picked,correct_element,n_candidates
J-nc,local-r25-delete-iris-nakamura,repeated-25,1,1,remove Iris Nakamura's ticket,"button ""Delete"" | 101 Alice Chen Juniper Home Goods Open In Progress Closed Edit Delete","button ""Delete"" | 119 Iris Nakamura Juniper Home Goods Open In Progress Closed Edit Delete",77
C-S-nc,local-r25-edit-iris-nakamura,repeated-25,0,1,edit the ticket belonging to Iris Nakamura,"button ""Edit"" | 101 Alice Chen Juniper Home Goods Open In Progress Closed Edit","button ""Edit"" | 119 Iris Nakamura Juniper Home Goods Open In Progress Closed Edit",52
J-nc,local-r25-delete-priya-nair,repeated-25,2,2,get rid of the support ticket from Priya Nair,"button ""Delete"" | 101 Alice Chen Juniper Home Goods Open In Progress Closed Edit Delete","button ""Delete"" | 103 Priya Nair Harbor Knits Open In Progress Closed Edit Delete",77
J-nc,local-r3-form-submit,near-duplicate-button,2,2,create the ticket,"button ""New Ticket"" | Support Tickets Role Shopper Merchant Support New Ticket ID Customer Store Status Actions 101 Alice Chen Juniper Home Go","button ""Submit"" | Support Tickets Role Shopper Merchant Support New Ticket ID Customer Store Status Actions 101 Alice Chen Juniper Home Go",15
J-nc,local-r25-edit-iris-nakamura,repeated-25,0,0,edit the ticket belonging to Iris Nakamura,"button ""Edit"" | 101 Alice Chen Juniper Home Goods Open In Progress Closed Edit","button ""Edit"" | 119 Iris Nakamura Juniper Home Goods Open In Progress Closed Edit",52
C-S-nc,local-r10-status-omar-haddad,repeated-10,2,2,change the status on the row for Omar Haddad,"combobox ""Status"" | 101 Alice Chen Juniper Home Goods Open In Progress Closed Edit","combobox ""Status"" | 108 Omar Haddad Atlas Stationery Open In Progress Closed Edit",22
J-nc,local-r10-edit-marcus-webb,repeated-10,2,0,I need to change the support ticket from Marcus Webb,"button ""Edit"" | 101 Alice Chen Juniper Home Goods Open In Progress Closed Edit","button ""Edit"" | 102 Marcus Webb Atlas Stationery Open In Progress Closed Edit",22
C-S-nc,local-r10-edit-omar-haddad,repeated-10,1,2,open Omar Haddad's ticket for editing,"button ""Edit"" | 101 Alice Chen Juniper Home Goods Open In Progress Closed Edit","button ""Edit"" | 108 Omar Haddad Atlas Stationery Open In Progress Closed Edit",22
C-S-nc,local-r3-delete-alice-chen,repeated-3,0,2,delete the ticket belonging to Alice Chen,"button ""Delete"" | 102 Marcus Webb Atlas Stationery Open In Progress Closed Edit Delete","button ""Delete"" | 101 Alice Chen Juniper Home Goods Open In Progress Closed Edit Delete",11
J-nc,local-r10-delete-marcus-webb,repeated-10,2,0,get rid of the support ticket from Marcus Webb,"button ""Delete"" | 101 Alice Chen Juniper Home Goods Open In Progress Closed Edit Delete","button ""Delete"" | 102 Marcus Webb Atlas Stationery Open In Progress Closed Edit Delete",32
C-S-nc,local-r25-status-maya-cohen,repeated-25,1,1,mark Maya Cohen's ticket as closed,"combobox ""Status"" | 101 Alice Chen Juniper Home Goods Open In Progress Closed Edit","combobox ""Status"" | 125 Maya Cohen Juniper Home Goods Open In Progress Closed Edit",52
C-S-nc,local-r3-edit-marcus-webb,repeated-3,0,2,edit the ticket belonging to Marcus Webb,"button ""Edit"" | 101 Alice Chen Juniper Home Goods Open In Progress Closed Edit","button ""Edit"" | 102 Marcus Webb Atlas Stationery Open In Progress Closed Edit",8
J-nc,local-r10-edit-omar-haddad,repeated-10,0,1,edit the ticket belonging to Omar Haddad,"button ""Edit"" | 101 Alice Chen Juniper Home Goods Open In Progress Closed Edit","button ""Edit"" | 108 Omar Haddad Atlas Stationery Open In Progress Closed Edit",22
J-nc,local-r3-delete-marcus-webb,repeated-3,2,0,get rid of the support ticket from Marcus Webb,"button ""Delete"" | 101 Alice Chen Juniper Home Goods Open In Progress Closed Edit Delete","button ""Delete"" | 102 Marcus Webb Atlas Stationery Open In Progress Closed Edit Delete",11
J-nc,local-r10-edit-omar-haddad,repeated-10,1,0,open Omar Haddad's ticket for editing,"button ""Edit"" | 101 Alice Chen Juniper Home Goods Open In Progress Closed Edit","button ""Edit"" | 108 Omar Haddad Atlas Stationery Open In Progress Closed Edit",22
C-S-nc,local-r25-edit-iris-nakamura,repeated-25,1,2,open Iris Nakamura's ticket for editing,"button ""Edit"" | 101 Alice Chen Juniper Home Goods Open In Progress Closed Edit","button ""Edit"" | 119 Iris Nakamura Juniper Home Goods Open In Progress Closed Edit",52
J-nc,local-r10-status-ben-carter,repeated-10,0,2,set the status to 'Closed' for Ben Carter's ticket,"combobox ""Status"" | 101 Alice Chen Juniper Home Goods Open In Progress Closed Edit","combobox ""Status"" | 110 Ben Carter Juniper Home Goods Open In Progress Closed Edit",22
J-nc,local-r10-edit-marcus-webb,repeated-10,0,1,edit the ticket belonging to Marcus Webb,"button ""Edit"" | 101 Alice Chen Juniper Home Goods Open In Progress Closed Edit","button ""Edit"" | 102 Marcus Webb Atlas Stationery Open In Progress Closed Edit",22
C-S-nc,local-r10-status-marcus-webb,repeated-10,1,2,mark Marcus Webb's ticket as closed,"combobox ""Status"" | 101 Alice Chen Juniper Home Goods Open In Progress Closed Edit","combobox ""Status"" | 102 Marcus Webb Atlas Stationery Open In Progress Closed Edit",22
J,local-r3-form-submit,near-duplicate-button,2,1,create the ticket,"button ""New Ticket"" | Support Tickets Role Shopper Merchant Support New Ticket ID Customer Store Status Actions 101 Alice Chen Juniper Home Go","button ""Submit"" | Support Tickets Role Shopper Merchant Support New Ticket ID Customer Store Status Actions 101 Alice Chen Juniper Home Go",15
C-S-nc,local-r25-status-priya-nair,repeated-25,1,0,mark Priya Nair's ticket as closed,"combobox ""Status"" | 101 Alice Chen Juniper Home Goods Open In Progress Closed Edit","combobox ""Status"" | 103 Priya Nair Harbor Knits Open In Progress Closed Edit",52
C-S-nc,sauce-login-submit,unique,2,2,log me in,"textbox ""Username"" | ","button ""Login"" | ",3
C-S-nc,local-r10-status-omar-haddad,repeated-10,1,1,mark Omar Haddad's ticket as closed,"combobox ""Status"" | 101 Alice Chen Juniper Home Goods Open In Progress Closed Edit","combobox ""Status"" | 108 Omar Haddad Atlas Stationery Open In Progress Closed Edit",22
J-nc,local-r25-edit-priya-nair,repeated-25,1,1,open Priya Nair's ticket for editing,"button ""Edit"" | 101 Alice Chen Juniper Home Goods Open In Progress Closed Edit","button ""Edit"" | 103 Priya Nair Harbor Knits Open In Progress Closed Edit",52
J-nc,local-r10-delete-omar-haddad,repeated-10,1,2,remove Omar Haddad's ticket,"button ""Delete"" | 101 Alice Chen Juniper Home Goods Open In Progress Closed Edit Delete","button ""Delete"" | 108 Omar Haddad Atlas Stationery Open In Progress Closed Edit Delete",32
J-nc,local-r3-status-priya-nair,repeated-3,1,1,mark Priya Nair's ticket as closed,"combobox ""Status"" | 101 Alice Chen Juniper Home Goods Open In Progress Closed Edit","combobox ""Status"" | 103 Priya Nair Harbor Knits Open In Progress Closed Edit",8
C-S-nc,local-r3-edit-priya-nair,repeated-3,0,1,edit the ticket belonging to Priya Nair,"button ""Edit"" | 102 Marcus Webb Atlas Stationery Open In Progress Closed Edit","button ""Edit"" | 103 Priya Nair Harbor Knits Open In Progress Closed Edit",8
J-nc,local-r25-delete-iris-nakamura,repeated-25,1,2,remove Iris Nakamura's ticket,"button ""Delete"" | 101 Alice Chen Juniper Home Goods Open In Progress Closed Edit Delete","button ""Delete"" | 119 Iris Nakamura Juniper Home Goods Open In Progress Closed Edit Delete",77
J-nc,local-r3-status-priya-nair,repeated-3,2,0,change the status on the row for Priya Nair,"combobox ""Status"" | 101 Alice Chen Juniper Home Goods Open In Progress Closed Edit","combobox ""Status"" | 103 Priya Nair Harbor Knits Open In Progress Closed Edit",8
J-nc,local-r25-status-iris-nakamura,repeated-25,1,0,mark Iris Nakamura's ticket as closed,"combobox ""Status"" | 101 Alice Chen Juniper Home Goods Open In Progress Closed Edit","combobox ""Status"" | 119 Iris Nakamura Juniper Home Goods Open In Progress Closed Edit",52
J-nc,local-r25-status-maya-cohen,repeated-25,0,2,set the status to 'Closed' for Maya Cohen's ticket,"combobox ""Status"" | 101 Alice Chen Juniper Home Goods Open In Progress Closed Edit","combobox ""Status"" | 125 Maya Cohen Juniper Home Goods Open In Progress Closed Edit",52
J-nc,local-r25-delete-priya-nair,repeated-25,1,1,remove Priya Nair's ticket,"button ""Delete"" | 101 Alice Chen Juniper Home Goods Open In Progress Closed Edit Delete","button ""Delete"" | 103 Priya Nair Harbor Knits Open In Progress Closed Edit Delete",77
C-S-nc,local-r3-edit-marcus-webb,repeated-3,2,0,I need to change the support ticket from Marcus Webb,"button ""Edit"" | 101 Alice Chen Juniper Home Goods Open In Progress Closed Edit","button ""Edit"" | 102 Marcus Webb Atlas Stationery Open In Progress Closed Edit",8
J-nc,local-r10-status-omar-haddad,repeated-10,2,2,change the status on the row for Omar Haddad,"combobox ""Status"" | 101 Alice Chen Juniper Home Goods Open In Progress Closed Edit","combobox ""Status"" | 108 Omar Haddad Atlas Stationery Open In Progress Closed Edit",22
C-S-nc,local-r3-status-alice-chen,repeated-3,0,2,set the status to 'Closed' for Alice Chen's ticket,"combobox ""Status"" | 102 Marcus Webb Atlas Stationery Open In Progress Closed Edit","combobox ""Status"" | 101 Alice Chen Juniper Home Goods Open In Progress Closed Edit",8
J-nc,local-r3-edit-priya-nair,repeated-3,1,1,open Priya Nair's ticket for editing,"button ""Edit"" | 101 Alice Chen Juniper Home Goods Open In Progress Closed Edit","button ""Edit"" | 103 Priya Nair Harbor Knits Open In Progress Closed Edit",8
C-S-nc,local-r10-status-ben-carter,repeated-10,1,0,mark Ben Carter's ticket as closed,"combobox ""Status"" | 101 Alice Chen Juniper Home Goods Open In Progress Closed Edit","combobox ""Status"" | 110 Ben Carter Juniper Home Goods Open In Progress Closed Edit",22
J-nc,local-r3-edit-priya-nair,repeated-3,2,2,I need to change the support ticket from Priya Nair,"button ""Edit"" | 101 Alice Chen Juniper Home Goods Open In Progress Closed Edit","button ""Edit"" | 103 Priya Nair Harbor Knits Open In Progress Closed Edit",8
J-nc,local-r10-delete-marcus-webb,repeated-10,2,1,get rid of the support ticket from Marcus Webb,"button ""Delete"" | 101 Alice Chen Juniper Home Goods Open In Progress Closed Edit Delete","button ""Delete"" | 102 Marcus Webb Atlas Stationery Open In Progress Closed Edit Delete",32
J-nc,local-r3-delete-marcus-webb,repeated-3,2,1,get rid of the support ticket from Marcus Webb,"button ""Delete"" | 101 Alice Chen Juniper Home Goods Open In Progress Closed Edit Delete","button ""Delete"" | 102 Marcus Webb Atlas Stationery Open In Progress Closed Edit Delete",11
C-S-nc,local-r3-form-submit,near-duplicate-button,2,1,create the ticket,"button ""New Ticket"" | Support Tickets Role Shopper Merchant Support New Ticket ID Customer Store Status Actions 101 Alice Chen Juniper Home Go","button ""Submit"" | Support Tickets Role Shopper Merchant Support New Ticket ID Customer Store Status Actions 101 Alice Chen Juniper Home Go",15
J-nc,local-r10-edit-ben-carter,repeated-10,0,1,edit the ticket belonging to Ben Carter,"button ""Edit"" | 101 Alice Chen Juniper Home Goods Open In Progress Closed Edit","button ""Edit"" | 110 Ben Carter Juniper Home Goods Open In Progress Closed Edit",22
J-nc,local-r25-status-iris-nakamura,repeated-25,2,1,change the status on the row for Iris Nakamura,"combobox ""Status"" | 101 Alice Chen Juniper Home Goods Open In Progress Closed Edit","combobox ""Status"" | 119 Iris Nakamura Juniper Home Goods Open In Progress Closed Edit",52
J-nc,local-r25-edit-iris-nakamura,repeated-25,2,2,I need to change the support ticket from Iris Nakamura,"button ""Edit"" | 101 Alice Chen Juniper Home Goods Open In Progress Closed Edit","button ""Edit"" | 119 Iris Nakamura Juniper Home Goods Open In Progress Closed Edit",52
J-nc,sauce-add-sauce-labs-fleece-jacket,repeated-6,2,1,I want to buy the Sauce Labs Fleece Jacket,"button ""Add to cart"" | Sauce Labs Bolt T-Shirt Get your testing superhero on with the Sauce Labs bolt T-shirt. From American Apparel, 100% ring","button ""Add to cart"" | Sauce Labs Fleece Jacket It's not every day that you come across a midweight quarter-zip fleece jacket capable of handli",24
J-nc,local-r25-status-priya-nair,repeated-25,2,2,change the status on the row for Priya Nair,"combobox ""Status"" | 101 Alice Chen Juniper Home Goods Open In Progress Closed Edit","combobox ""Status"" | 103 Priya Nair Harbor Knits Open In Progress Closed Edit",52
J-nc,local-r3-status-marcus-webb,repeated-3,1,0,mark Marcus Webb's ticket as closed,"combobox ""Status"" | 101 Alice Chen Juniper Home Goods Open In Progress Closed Edit","combobox ""Status"" | 102 Marcus Webb Atlas Stationery Open In Progress Closed Edit",8
J-nc,local-r10-delete-marcus-webb,repeated-10,1,2,remove Marcus Webb's ticket,"button ""Delete"" | 101 Alice Chen Juniper Home Goods Open In Progress Closed Edit Delete","button ""Delete"" | 102 Marcus Webb Atlas Stationery Open In Progress Closed Edit Delete",32
J-nc,local-r10-status-omar-haddad,repeated-10,2,0,change the status on the row for Omar Haddad,"combobox ""Status"" | 101 Alice Chen Juniper Home Goods Open In Progress Closed Edit","combobox ""Status"" | 108 Omar Haddad Atlas Stationery Open In Progress Closed Edit",22
C-S-nc,local-r3-delete-alice-chen,repeated-3,1,2,remove Alice Chen's ticket,"button ""Delete"" | 102 Marcus Webb Atlas Stationery Open In Progress Closed Edit Delete","button ""Delete"" | 101 Alice Chen Juniper Home Goods Open In Progress Closed Edit Delete",11
J-nc,local-r10-delete-omar-haddad,repeated-10,2,1,get rid of the support ticket from Omar Haddad,"button ""Delete"" | 101 Alice Chen Juniper Home Goods Open In Progress Closed Edit Delete","button ""Delete"" | 108 Omar Haddad Atlas Stationery Open In Progress Closed Edit Delete",32
J-nc,local-r25-status-iris-nakamura,repeated-25,0,1,set the status to 'Closed' for Iris Nakamura's ticket,"combobox ""Status"" | 101 Alice Chen Juniper Home Goods Open In Progress Closed Edit","combobox ""Status"" | 119 Iris Nakamura Juniper Home Goods Open In Progress Closed Edit",52
J-nc,local-r10-edit-omar-haddad,repeated-10,2,0,I need to change the support ticket from Omar Haddad,"button ""Edit"" | 101 Alice Chen Juniper Home Goods Open In Progress Closed Edit","button ""Edit"" | 108 Omar Haddad Atlas Stationery Open In Progress Closed Edit",22
C-S-nc,local-r10-edit-omar-haddad,repeated-10,1,1,open Omar Haddad's ticket for editing,"button ""Edit"" | 101 Alice Chen Juniper Home Goods Open In Progress Closed Edit","button ""Edit"" | 108 Omar Haddad Atlas Stationery Open In Progress Closed Edit",22
J-nc,local-r3-status-priya-nair,repeated-3,0,2,set the status to 'Closed' for Priya Nair's ticket,"combobox ""Status"" | 101 Alice Chen Juniper Home Goods Open In Progress Closed Edit","combobox ""Status"" | 103 Priya Nair Harbor Knits Open In Progress Closed Edit",8
J-nc,local-r3-edit-priya-nair,repeated-3,1,2,open Priya Nair's ticket for editing,"button ""Edit"" | 101 Alice Chen Juniper Home Goods Open In Progress Closed Edit","button ""Edit"" | 103 Priya Nair Harbor Knits Open In Progress Closed Edit",8
C-S-nc,local-r10-status-marcus-webb,repeated-10,2,0,change the status on the row for Marcus Webb,"combobox ""Status"" | 101 Alice Chen Juniper Home Goods Open In Progress Closed Edit","combobox ""Status"" | 102 Marcus Webb Atlas Stationery Open In Progress Closed Edit",22
C-S-nc,local-r10-edit-omar-haddad,repeated-10,2,2,I need to change the support ticket from Omar Haddad,"button ""Edit"" | 101 Alice Chen Juniper Home Goods Open In Progress Closed Edit","button ""Edit"" | 108 Omar Haddad Atlas Stationery Open In Progress Closed Edit",22
J-nc,local-r10-edit-ben-carter,repeated-10,2,2,I need to change the support ticket from Ben Carter,"button ""Edit"" | 101 Alice Chen Juniper Home Goods Open In Progress Closed Edit","button ""Edit"" | 110 Ben Carter Juniper Home Goods Open In Progress Closed Edit",22
C-S-nc,local-r3-delete-alice-chen,repeated-3,1,1,remove Alice Chen's ticket,"button ""Delete"" | 102 Marcus Webb Atlas Stationery Open In Progress Closed Edit Delete","button ""Delete"" | 101 Alice Chen Juniper Home Goods Open In Progress Closed Edit Delete",11
J-nc,local-r10-edit-ben-carter,repeated-10,0,0,edit the ticket belonging to Ben Carter,"button ""Edit"" | 101 Alice Chen Juniper Home Goods Open In Progress Closed Edit","button ""Edit"" | 110 Ben Carter Juniper Home Goods Open In Progress Closed Edit",22
J-nc,local-r10-status-ben-carter,repeated-10,2,2,change the status on the row for Ben Carter,"combobox ""Status"" | 101 Alice Chen Juniper Home Goods Open In Progress Closed Edit","combobox ""Status"" | 110 Ben Carter Juniper Home Goods Open In Progress Closed Edit",22
C-S-nc,local-r10-delete-omar-haddad,repeated-10,1,0,remove Omar Haddad's ticket,"button ""Delete"" | 102 Marcus Webb Atlas Stationery Open In Progress Closed Edit Delete","button ""Delete"" | 108 Omar Haddad Atlas Stationery Open In Progress Closed Edit Delete",32
C-S-nc,local-r10-status-ben-carter,repeated-10,0,2,set the status to 'Closed' for Ben Carter's ticket,"combobox ""Status"" | 101 Alice Chen Juniper Home Goods Open In Progress Closed Edit","combobox ""Status"" | 110 Ben Carter Juniper Home Goods Open In Progress Closed Edit",22
J-nc,local-r25-status-priya-nair,repeated-25,0,2,set the status to 'Closed' for Priya Nair's ticket,"combobox ""Status"" | 101 Alice Chen Juniper Home Goods Open In Progress Closed Edit","combobox ""Status"" | 103 Priya Nair Harbor Knits Open In Progress Closed Edit",52
J-nc,local-r3-edit-marcus-webb,repeated-3,0,1,edit the ticket belonging to Marcus Webb,"button ""Edit"" | 101 Alice Chen Juniper Home Goods Open In Progress Closed Edit","button ""Edit"" | 102 Marcus Webb Atlas Stationery Open In Progress Closed Edit",8
C-S-nc,local-r3-form-submit,near-duplicate-button,2,0,create the ticket,"button ""New Ticket"" | Support Tickets Role Shopper Merchant Support New Ticket ID Customer Store Status Actions 101 Alice Chen Juniper Home Go","button ""Submit"" | Support Tickets Role Shopper Merchant Support New Ticket ID Customer Store Status Actions 101 Alice Chen Juniper Home Go",15
C-S-nc,local-r10-edit-marcus-webb,repeated-10,0,1,edit the ticket belonging to Marcus Webb,"button ""Edit"" | 101 Alice Chen Juniper Home Goods Open In Progress Closed Edit","button ""Edit"" | 102 Marcus Webb Atlas Stationery Open In Progress Closed Edit",22
C-S-nc,local-r3-edit-priya-nair,repeated-3,0,0,edit the ticket belonging to Priya Nair,"button ""Edit"" | 101 Alice Chen Juniper Home Goods Open In Progress Closed Edit","button ""Edit"" | 103 Priya Nair Harbor Knits Open In Progress Closed Edit",8
C-S-nc,local-r25-delete-priya-nair,repeated-25,0,0,delete the ticket belonging to Priya Nair,"button ""Delete"" | 102 Marcus Webb Atlas Stationery Open In Progress Closed Edit Delete","button ""Delete"" | 103 Priya Nair Harbor Knits Open In Progress Closed Edit Delete",77
C-S-nc,local-r3-delete-alice-chen,repeated-3,1,0,remove Alice Chen's ticket,"button ""Delete"" | 102 Marcus Webb Atlas Stationery Open In Progress Closed Edit Delete","button ""Delete"" | 101 Alice Chen Juniper Home Goods Open In Progress Closed Edit Delete",11
J-nc,local-r3-status-marcus-webb,repeated-3,0,2,set the status to 'Closed' for Marcus Webb's ticket,"combobox ""Status"" | 101 Alice Chen Juniper Home Goods Open In Progress Closed Edit","combobox ""Status"" | 102 Marcus Webb Atlas Stationery Open In Progress Closed Edit",8
C-S-nc,local-r10-status-marcus-webb,repeated-10,2,2,change the status on the row for Marcus Webb,"combobox ""Status"" | 101 Alice Chen Juniper Home Goods Open In Progress Closed Edit","combobox ""Status"" | 102 Marcus Webb Atlas Stationery Open In Progress Closed Edit",22
J-nc,local-r25-edit-priya-nair,repeated-25,0,2,edit the ticket belonging to Priya Nair,"button ""Edit"" | 101 Alice Chen Juniper Home Goods Open In Progress Closed Edit","button ""Edit"" | 103 Priya Nair Harbor Knits Open In Progress Closed Edit",52
C-S-nc,local-r25-delete-priya-nair,repeated-25,1,1,remove Priya Nair's ticket,"button ""Delete"" | 102 Marcus Webb Atlas Stationery Open In Progress Closed Edit Delete","button ""Delete"" | 103 Priya Nair Harbor Knits Open In Progress Closed Edit Delete",77
C-S-nc,local-r10-edit-ben-carter,repeated-10,2,2,I need to change the support ticket from Ben Carter,"button ""Edit"" | 101 Alice Chen Juniper Home Goods Open In Progress Closed Edit","button ""Edit"" | 110 Ben Carter Juniper Home Goods Open In Progress Closed Edit",22
J-nc,local-r25-status-priya-nair,repeated-25,2,1,change the status on the row for Priya Nair,"combobox ""Status"" | 101 Alice Chen Juniper Home Goods Open In Progress Closed Edit","combobox ""Status"" | 103 Priya Nair Harbor Knits Open In Progress Closed Edit",52
C-S-nc,local-r25-status-priya-nair,repeated-25,1,2,mark Priya Nair's ticket as closed,"combobox ""Status"" | 101 Alice Chen Juniper Home Goods Open In Progress Closed Edit","combobox ""Status"" | 103 Priya Nair Harbor Knits Open In Progress Closed Edit",52
C-S-nc,local-r25-edit-iris-nakamura,repeated-25,2,1,I need to change the support ticket from Iris Nakamura,"button ""Edit"" | 101 Alice Chen Juniper Home Goods Open In Progress Closed Edit","button ""Edit"" | 119 Iris Nakamura Juniper Home Goods Open In Progress Closed Edit",52
C-S-nc,local-r10-status-ben-carter,repeated-10,0,1,set the status to 'Closed' for Ben Carter's ticket,"combobox ""Status"" | 101 Alice Chen Juniper Home Goods Open In Progress Closed Edit","combobox ""Status"" | 110 Ben Carter Juniper Home Goods Open In Progress Closed Edit",22
C-S-nc,local-r10-edit-ben-carter,repeated-10,2,1,I need to change the support ticket from Ben Carter,"button ""Edit"" | 101 Alice Chen Juniper Home Goods Open In Progress Closed Edit","button ""Edit"" | 110 Ben Carter Juniper Home Goods Open In Progress Closed Edit",22
C-S-nc,local-r10-status-ben-carter,repeated-10,2,0,change the status on the row for Ben Carter,"combobox ""Status"" | 101 Alice Chen Juniper Home Goods Open In Progress Closed Edit","combobox ""Status"" | 110 Ben Carter Juniper Home Goods Open In Progress Closed Edit",22
C-S-nc,local-r25-status-priya-nair,repeated-25,2,1,change the status on the row for Priya Nair,"combobox ""Status"" | 102 Marcus Webb Atlas Stationery Open In Progress Closed Edit","combobox ""Status"" | 103 Priya Nair Harbor Knits Open In Progress Closed Edit",52
J-nc,local-r25-edit-iris-nakamura,repeated-25,0,2,edit the ticket belonging to Iris Nakamura,"button ""Edit"" | 101 Alice Chen Juniper Home Goods Open In Progress Closed Edit","button ""Edit"" | 119 Iris Nakamura Juniper Home Goods Open In Progress Closed Edit",52
J-nc,local-r3-form-submit,near-duplicate-button,2,0,create the ticket,"button ""New Ticket"" | Support Tickets Role Shopper Merchant Support New Ticket ID Customer Store Status Actions 101 Alice Chen Juniper Home Go","button ""Submit"" | Support Tickets Role Shopper Merchant Support New Ticket ID Customer Store Status Actions 101 Alice Chen Juniper Home Go",15
C-S-nc,local-r25-edit-priya-nair,repeated-25,1,1,open Priya Nair's ticket for editing,"button ""Edit"" | 101 Alice Chen Juniper Home Goods Open In Progress Closed Edit","button ""Edit"" | 103 Priya Nair Harbor Knits Open In Progress Closed Edit",52
C-S-nc,local-r10-delete-omar-haddad,repeated-10,2,0,get rid of the support ticket from Omar Haddad,"button ""Delete"" | 102 Marcus Webb Atlas Stationery Open In Progress Closed Edit Delete","button ""Delete"" | 108 Omar Haddad Atlas Stationery Open In Progress Closed Edit Delete",32
J-nc,local-r10-edit-marcus-webb,repeated-10,0,0,edit the ticket belonging to Marcus Webb,"button ""Edit"" | 101 Alice Chen Juniper Home Goods Open In Progress Closed Edit","button ""Edit"" | 102 Marcus Webb Atlas Stationery Open In Progress Closed Edit",22
C-S-nc,local-r10-status-omar-haddad,repeated-10,0,2,set the status to 'Closed' for Omar Haddad's ticket,"combobox ""Status"" | 101 Alice Chen Juniper Home Goods Open In Progress Closed Edit","combobox ""Status"" | 108 Omar Haddad Atlas Stationery Open In Progress Closed Edit",22
J-nc,local-r10-status-omar-haddad,repeated-10,2,1,change the status on the row for Omar Haddad,"combobox ""Status"" | 101 Alice Chen Juniper Home Goods Open In Progress Closed Edit","combobox ""Status"" | 108 Omar Haddad Atlas Stationery Open In Progress Closed Edit",22
J-nc,local-r25-delete-iris-nakamura,repeated-25,2,0,get rid of the support ticket from Iris Nakamura,"button ""Delete"" | 101 Alice Chen Juniper Home Goods Open In Progress Closed Edit Delete","button ""Delete"" | 119 Iris Nakamura Juniper Home Goods Open In Progress Closed Edit Delete",77
C-S-nc,local-r10-delete-omar-haddad,repeated-10,0,1,delete the ticket belonging to Omar Haddad,"button ""Delete"" | 102 Marcus Webb Atlas Stationery Open In Progress Closed Edit Delete","button ""Delete"" | 108 Omar Haddad Atlas Stationery Open In Progress Closed Edit Delete",32
J-nc,local-r3-delete-marcus-webb,repeated-3,1,2,remove Marcus Webb's ticket,"button ""Delete"" | 101 Alice Chen Juniper Home Goods Open In Progress Closed Edit Delete","button ""Delete"" | 102 Marcus Webb Atlas Stationery Open In Progress Closed Edit Delete",11
J-nc,local-r25-edit-maya-cohen,repeated-25,0,1,edit the ticket belonging to Maya Cohen,"button ""Edit"" | 101 Alice Chen Juniper Home Goods Open In Progress Closed Edit","button ""Edit"" | 125 Maya Cohen Juniper Home Goods Open In Progress Closed Edit",52
C-S-nc,local-r3-edit-priya-nair,repeated-3,0,2,edit the ticket belonging to Priya Nair,"button ""Edit"" | 101 Alice Chen Juniper Home Goods Open In Progress Closed Edit","button ""Edit"" | 103 Priya Nair Harbor Knits Open In Progress Closed Edit",8
C-S-nc,local-r25-edit-maya-cohen,repeated-25,2,0,I need to change the support ticket from Maya Cohen,"button ""Edit"" | 101 Alice Chen Juniper Home Goods Open In Progress Closed Edit","button ""Edit"" | 125 Maya Cohen Juniper Home Goods Open In Progress Closed Edit",52
C-S-nc,local-r10-edit-ben-carter,repeated-10,2,0,I need to change the support ticket from Ben Carter,"button ""Edit"" | 101 Alice Chen Juniper Home Goods Open In Progress Closed Edit","button ""Edit"" | 110 Ben Carter Juniper Home Goods Open In Progress Closed Edit",22
C-S-nc,local-r25-edit-maya-cohen,repeated-25,0,2,edit the ticket belonging to Maya Cohen,"button ""Edit"" | 101 Alice Chen Juniper Home Goods Open In Progress Closed Edit","button ""Edit"" | 125 Maya Cohen Juniper Home Goods Open In Progress Closed Edit",52
C-S-nc,local-r25-edit-iris-nakamura,repeated-25,0,2,edit the ticket belonging to Iris Nakamura,"button ""Edit"" | 101 Alice Chen Juniper Home Goods Open In Progress Closed Edit","button ""Edit"" | 119 Iris Nakamura Juniper Home Goods Open In Progress Closed Edit",52
J-nc,local-r3-delete-marcus-webb,repeated-3,0,0,delete the ticket belonging to Marcus Webb,"button ""Delete"" | 101 Alice Chen Juniper Home Goods Open In Progress Closed Edit Delete","button ""Delete"" | 102 Marcus Webb Atlas Stationery Open In Progress Closed Edit Delete",11
C-S-nc,local-r25-delete-priya-nair,repeated-25,1,0,remove Priya Nair's ticket,"button ""Delete"" | 102 Marcus Webb Atlas Stationery Open In Progress Closed Edit Delete","button ""Delete"" | 103 Priya Nair Harbor Knits Open In Progress Closed Edit Delete",77
C-S-nc,local-r10-status-marcus-webb,repeated-10,0,0,set the status to 'Closed' for Marcus Webb's ticket,"combobox ""Status"" | 101 Alice Chen Juniper Home Goods Open In Progress Closed Edit","combobox ""Status"" | 102 Marcus Webb Atlas Stationery Open In Progress Closed Edit",22
J-nc,local-r3-status-priya-nair,repeated-3,0,1,set the status to 'Closed' for Priya Nair's ticket,"combobox ""Status"" | 101 Alice Chen Juniper Home Goods Open In Progress Closed Edit","combobox ""Status"" | 103 Priya Nair Harbor Knits Open In Progress Closed Edit",8
C-S-nc,local-r25-status-maya-cohen,repeated-25,0,1,set the status to 'Closed' for Maya Cohen's ticket,"combobox ""Status"" | 101 Alice Chen Juniper Home Goods Open In Progress Closed Edit","combobox ""Status"" | 125 Maya Cohen Juniper Home Goods Open In Progress Closed Edit",52
J-nc,local-r10-edit-ben-carter,repeated-10,2,1,I need to change the support ticket from Ben Carter,"button ""Edit"" | 101 Alice Chen Juniper Home Goods Open In Progress Closed Edit","button ""Edit"" | 110 Ben Carter Juniper Home Goods Open In Progress Closed Edit",22
C-S-nc,local-r3-status-priya-nair,repeated-3,2,0,change the status on the row for Priya Nair,"combobox ""Status"" | 102 Marcus Webb Atlas Stationery Open In Progress Closed Edit","combobox ""Status"" | 103 Priya Nair Harbor Knits Open In Progress Closed Edit",8
J-nc,local-r10-delete-omar-haddad,repeated-10,1,1,remove Omar Haddad's ticket,"button ""Delete"" | 101 Alice Chen Juniper Home Goods Open In Progress Closed Edit Delete","button ""Delete"" | 108 Omar Haddad Atlas Stationery Open In Progress Closed Edit Delete",32
J-nc,local-r3-status-priya-nair,repeated-3,2,2,change the status on the row for Priya Nair,"combobox ""Status"" | 101 Alice Chen Juniper Home Goods Open In Progress Closed Edit","combobox ""Status"" | 103 Priya Nair Harbor Knits Open In Progress Closed Edit",8
C-S-nc,local-r3-form-submit,near-duplicate-button,2,2,create the ticket,"button ""New Ticket"" | Support Tickets Role Shopper Merchant Support New Ticket ID Customer Store Status Actions 101 Alice Chen Juniper Home Go","button ""Submit"" | Support Tickets Role Shopper Merchant Support New Ticket ID Customer Store Status Actions 101 Alice Chen Juniper Home Go",15
C-S-nc,local-r3-status-priya-nair,repeated-3,2,2,change the status on the row for Priya Nair,"combobox ""Status"" | 102 Marcus Webb Atlas Stationery Open In Progress Closed Edit","combobox ""Status"" | 103 Priya Nair Harbor Knits Open In Progress Closed Edit",8
C-S-nc,local-r3-status-alice-chen,repeated-3,1,2,mark Alice Chen's ticket as closed,"combobox ""Status"" | 102 Marcus Webb Atlas Stationery Open In Progress Closed Edit","combobox ""Status"" | 101 Alice Chen Juniper Home Goods Open In Progress Closed Edit",8
C-S-nc,local-r25-edit-maya-cohen,repeated-25,1,0,open Maya Cohen's ticket for editing,"button ""Edit"" | 101 Alice Chen Juniper Home Goods Open In Progress Closed Edit","button ""Edit"" | 125 Maya Cohen Juniper Home Goods Open In Progress Closed Edit",52
J-nc,local-r10-status-omar-haddad,repeated-10,0,1,set the status to 'Closed' for Omar Haddad's ticket,"combobox ""Status"" | 101 Alice Chen Juniper Home Goods Open In Progress Closed Edit","combobox ""Status"" | 108 Omar Haddad Atlas Stationery Open In Progress Closed Edit",22
C-S-nc,local-r3-status-alice-chen,repeated-3,1,0,mark Alice Chen's ticket as closed,"combobox ""Status"" | 102 Marcus Webb Atlas Stationery Open In Progress Closed Edit","combobox ""Status"" | 101 Alice Chen Juniper Home Goods Open In Progress Closed Edit",8
C-S-nc,local-r3-delete-alice-chen,repeated-3,0,0,delete the ticket belonging to Alice Chen,"button ""Delete"" | 102 Marcus Webb Atlas Stationery Open In Progress Closed Edit Delete","button ""Delete"" | 101 Alice Chen Juniper Home Goods Open In Progress Closed Edit Delete",11
J-nc,local-r25-edit-iris-nakamura,repeated-25,2,0,I need to change the support ticket from Iris Nakamura,"button ""Edit"" | 101 Alice Chen Juniper Home Goods Open In Progress Closed Edit","button ""Edit"" | 119 Iris Nakamura Juniper Home Goods Open In Progress Closed Edit",52
J-nc,local-r3-edit-marcus-webb,repeated-3,1,0,open Marcus Webb's ticket for editing,"button ""Edit"" | 101 Alice Chen Juniper Home Goods Open In Progress Closed Edit","button ""Edit"" | 102 Marcus Webb Atlas Stationery Open In Progress Closed Edit",8
J-nc,local-r25-edit-iris-nakamura,repeated-25,1,1,open Iris Nakamura's ticket for editing,"button ""Edit"" | 101 Alice Chen Juniper Home Goods Open In Progress Closed Edit","button ""Edit"" | 119 Iris Nakamura Juniper Home Goods Open In Progress Closed Edit",52
J-nc,local-r25-status-maya-cohen,repeated-25,2,1,change the status on the row for Maya Cohen,"button ""Edit"" | 101 Alice Chen Juniper Home Goods Open In Progress Closed Edit","combobox ""Status"" | 125 Maya Cohen Juniper Home Goods Open In Progress Closed Edit",52
J-nc,local-r25-edit-maya-cohen,repeated-25,1,1,open Maya Cohen's ticket for editing,"button ""Edit"" | 101 Alice Chen Juniper Home Goods Open In Progress Closed Edit","button ""Edit"" | 125 Maya Cohen Juniper Home Goods Open In Progress Closed Edit",52
C-S-nc,local-r3-edit-marcus-webb,repeated-3,0,0,edit the ticket belonging to Marcus Webb,"button ""Edit"" | 101 Alice Chen Juniper Home Goods Open In Progress Closed Edit","button ""Edit"" | 102 Marcus Webb Atlas Stationery Open In Progress Closed Edit",8
C-S-nc,local-r10-edit-marcus-webb,repeated-10,1,2,open Marcus Webb's ticket for editing,"button ""Edit"" | 101 Alice Chen Juniper Home Goods Open In Progress Closed Edit","button ""Edit"" | 102 Marcus Webb Atlas Stationery Open In Progress Closed Edit",22
J-nc,local-r3-edit-marcus-webb,repeated-3,1,2,open Marcus Webb's ticket for editing,"button ""Edit"" | 101 Alice Chen Juniper Home Goods Open In Progress Closed Edit","button ""Edit"" | 102 Marcus Webb Atlas Stationery Open In Progress Closed Edit",8
J-nc,local-r25-edit-iris-nakamura,repeated-25,1,0,open Iris Nakamura's ticket for editing,"button ""Edit"" | 101 Alice Chen Juniper Home Goods Open In Progress Closed Edit","button ""Edit"" | 119 Iris Nakamura Juniper Home Goods Open In Progress Closed Edit",52
J-nc,local-r25-edit-maya-cohen,repeated-25,1,0,open Maya Cohen's ticket for editing,"button ""Edit"" | 101 Alice Chen Juniper Home Goods Open In Progress Closed Edit","button ""Edit"" | 125 Maya Cohen Juniper Home Goods Open In Progress Closed Edit",52
J-nc,local-r3-edit-marcus-webb,repeated-3,0,2,edit the ticket belonging to Marcus Webb,"button ""Edit"" | 101 Alice Chen Juniper Home Goods Open In Progress Closed Edit","button ""Edit"" | 102 Marcus Webb Atlas Stationery Open In Progress Closed Edit",8
C-S-nc,local-r10-delete-omar-haddad,repeated-10,2,2,get rid of the support ticket from Omar Haddad,"button ""Delete"" | 102 Marcus Webb Atlas Stationery Open In Progress Closed Edit Delete","button ""Delete"" | 108 Omar Haddad Atlas Stationery Open In Progress Closed Edit Delete",32
J-nc,local-r3-edit-marcus-webb,repeated-3,1,1,open Marcus Webb's ticket for editing,"button ""Edit"" | 101 Alice Chen Juniper Home Goods Open In Progress Closed Edit","button ""Edit"" | 102 Marcus Webb Atlas Stationery Open In Progress Closed Edit",8
J-nc,local-r25-status-iris-nakamura,repeated-25,1,1,mark Iris Nakamura's ticket as closed,"combobox ""Status"" | 101 Alice Chen Juniper Home Goods Open In Progress Closed Edit","combobox ""Status"" | 119 Iris Nakamura Juniper Home Goods Open In Progress Closed Edit",52
C-S-nc,local-login-submit,unique,2,2,log me in,"textbox ""Username"" | Sign in Username Password Login any username, password: demo123","button ""Login"" | Sign in Username Password Login any username, password: demo123",3
J-nc,local-r3-edit-marcus-webb,repeated-3,2,0,I need to change the support ticket from Marcus Webb,"button ""Edit"" | 101 Alice Chen Juniper Home Goods Open In Progress Closed Edit","button ""Edit"" | 102 Marcus Webb Atlas Stationery Open In Progress Closed Edit",8
J-nc,local-r10-delete-omar-haddad,repeated-10,0,2,delete the ticket belonging to Omar Haddad,"button ""Delete"" | 101 Alice Chen Juniper Home Goods Open In Progress Closed Edit Delete","button ""Delete"" | 108 Omar Haddad Atlas Stationery Open In Progress Closed Edit Delete",32
J-nc,local-r10-status-omar-haddad,repeated-10,1,1,mark Omar Haddad's ticket as closed,"combobox ""Status"" | 101 Alice Chen Juniper Home Goods Open In Progress Closed Edit","combobox ""Status"" | 108 Omar Haddad Atlas Stationery Open In Progress Closed Edit",22
C-S-nc,local-r10-delete-omar-haddad,repeated-10,0,0,delete the ticket belonging to Omar Haddad,"button ""Delete"" | 102 Marcus Webb Atlas Stationery Open In Progress Closed Edit Delete","button ""Delete"" | 108 Omar Haddad Atlas Stationery Open In Progress Closed Edit Delete",32
J-nc,local-r25-delete-iris-nakamura,repeated-25,2,1,get rid of the support ticket from Iris Nakamura,"button ""Delete"" | 101 Alice Chen Juniper Home Goods Open In Progress Closed Edit Delete","button ""Delete"" | 119 Iris Nakamura Juniper Home Goods Open In Progress Closed Edit Delete",77
C-S-nc,local-r25-status-iris-nakamura,repeated-25,0,1,set the status to 'Closed' for Iris Nakamura's ticket,"combobox ""Status"" | 101 Alice Chen Juniper Home Goods Open In Progress Closed Edit","combobox ""Status"" | 119 Iris Nakamura Juniper Home Goods Open In Progress Closed Edit",52
C-S-nc,local-r10-edit-omar-haddad,repeated-10,2,0,I need to change the support ticket from Omar Haddad,"button ""Edit"" | 101 Alice Chen Juniper Home Goods Open In Progress Closed Edit","button ""Edit"" | 108 Omar Haddad Atlas Stationery Open In Progress Closed Edit",22
C-S-nc,local-r10-delete-omar-haddad,repeated-10,2,1,get rid of the support ticket from Omar Haddad,"button ""Delete"" | 102 Marcus Webb Atlas Stationery Open In Progress Closed Edit Delete","button ""Delete"" | 108 Omar Haddad Atlas Stationery Open In Progress Closed Edit Delete",32
C-S-nc,sauce-login-submit,unique,2,0,log me in,"textbox ""Username"" | ","button ""Login"" | ",3
C-S-nc,local-r3-edit-marcus-webb,repeated-3,1,2,open Marcus Webb's ticket for editing,"button ""Edit"" | 101 Alice Chen Juniper Home Goods Open In Progress Closed Edit","button ""Edit"" | 102 Marcus Webb Atlas Stationery Open In Progress Closed Edit",8
C-S-nc,local-r25-edit-iris-nakamura,repeated-25,2,0,I need to change the support ticket from Iris Nakamura,"button ""Edit"" | 101 Alice Chen Juniper Home Goods Open In Progress Closed Edit","button ""Edit"" | 119 Iris Nakamura Juniper Home Goods Open In Progress Closed Edit",52
J-nc,local-r25-edit-maya-cohen,repeated-25,1,2,open Maya Cohen's ticket for editing,"button ""Edit"" | 101 Alice Chen Juniper Home Goods Open In Progress Closed Edit","button ""Edit"" | 125 Maya Cohen Juniper Home Goods Open In Progress Closed Edit",52
J-nc,local-r25-delete-priya-nair,repeated-25,0,1,delete the ticket belonging to Priya Nair,"button ""Delete"" | 101 Alice Chen Juniper Home Goods Open In Progress Closed Edit Delete","button ""Delete"" | 103 Priya Nair Harbor Knits Open In Progress Closed Edit Delete",77
J-nc,local-r25-edit-maya-cohen,repeated-25,0,2,edit the ticket belonging to Maya Cohen,"button ""Edit"" | 101 Alice Chen Juniper Home Goods Open In Progress Closed Edit","button ""Edit"" | 125 Maya Cohen Juniper Home Goods Open In Progress Closed Edit",52
C-S-nc,local-r25-edit-priya-nair,repeated-25,0,2,edit the ticket belonging to Priya Nair,"button ""Edit"" | 101 Alice Chen Juniper Home Goods Open In Progress Closed Edit","button ""Edit"" | 103 Priya Nair Harbor Knits Open In Progress Closed Edit",52
C-S-nc,local-r25-edit-maya-cohen,repeated-25,0,0,edit the ticket belonging to Maya Cohen,"button ""Edit"" | 101 Alice Chen Juniper Home Goods Open In Progress Closed Edit","button ""Edit"" | 125 Maya Cohen Juniper Home Goods Open In Progress Closed Edit",52
C-S-nc,local-r25-edit-iris-nakamura,repeated-25,1,0,open Iris Nakamura's ticket for editing,"button ""Edit"" | 101 Alice Chen Juniper Home Goods Open In Progress Closed Edit","button ""Edit"" | 119 Iris Nakamura Juniper Home Goods Open In Progress Closed Edit",52
J-nc,local-r25-edit-priya-nair,repeated-25,2,2,I need to change the support ticket from Priya Nair,"button ""Edit"" | 101 Alice Chen Juniper Home Goods Open In Progress Closed Edit","button ""Edit"" | 103 Priya Nair Harbor Knits Open In Progress Closed Edit",52
C-S-nc,local-r10-delete-omar-haddad,repeated-10,1,2,remove Omar Haddad's ticket,"button ""Delete"" | 102 Marcus Webb Atlas Stationery Open In Progress Closed Edit Delete","button ""Delete"" | 108 Omar Haddad Atlas Stationery Open In Progress Closed Edit Delete",32
C-S-nc,local-r25-delete-iris-nakamura,repeated-25,0,1,delete the ticket belonging to Iris Nakamura,"button ""Delete"" | 102 Marcus Webb Atlas Stationery Open In Progress Closed Edit Delete","button ""Delete"" | 119 Iris Nakamura Juniper Home Goods Open In Progress Closed Edit Delete",77
C-S-nc,local-r25-edit-priya-nair,repeated-25,0,0,edit the ticket belonging to Priya Nair,"button ""Edit"" | 101 Alice Chen Juniper Home Goods Open In Progress Closed Edit","button ""Edit"" | 103 Priya Nair Harbor Knits Open In Progress Closed Edit",52
C-S-nc,local-r10-status-omar-haddad,repeated-10,1,2,mark Omar Haddad's ticket as closed,"combobox ""Status"" | 101 Alice Chen Juniper Home Goods Open In Progress Closed Edit","combobox ""Status"" | 108 Omar Haddad Atlas Stationery Open In Progress Closed Edit",22
J-nc,local-r25-delete-priya-nair,repeated-25,1,2,remove Priya Nair's ticket,"button ""Delete"" | 101 Alice Chen Juniper Home Goods Open In Progress Closed Edit Delete","button ""Delete"" | 103 Priya Nair Harbor Knits Open In Progress Closed Edit Delete",77
J-nc,local-r10-status-ben-carter,repeated-10,0,0,set the status to 'Closed' for Ben Carter's ticket,"combobox ""Status"" | 101 Alice Chen Juniper Home Goods Open In Progress Closed Edit","combobox ""Status"" | 110 Ben Carter Juniper Home Goods Open In Progress Closed Edit",22
J-nc,local-r3-delete-marcus-webb,repeated-3,0,1,delete the ticket belonging to Marcus Webb,"button ""Delete"" | 101 Alice Chen Juniper Home Goods Open In Progress Closed Edit Delete","button ""Delete"" | 102 Marcus Webb Atlas Stationery Open In Progress Closed Edit Delete",11
C-S-nc,local-r10-edit-marcus-webb,repeated-10,2,0,I need to change the support ticket from Marcus Webb,"button ""Edit"" | 101 Alice Chen Juniper Home Goods Open In Progress Closed Edit","button ""Edit"" | 102 Marcus Webb Atlas Stationery Open In Progress Closed Edit",22
C-S-nc,local-r10-status-ben-carter,repeated-10,1,2,mark Ben Carter's ticket as closed,"combobox ""Status"" | 101 Alice Chen Juniper Home Goods Open In Progress Closed Edit","combobox ""Status"" | 110 Ben Carter Juniper Home Goods Open In Progress Closed Edit",22
J-nc,local-r10-edit-marcus-webb,repeated-10,2,1,I need to change the support ticket from Marcus Webb,"button ""Edit"" | 101 Alice Chen Juniper Home Goods Open In Progress Closed Edit","button ""Edit"" | 102 Marcus Webb Atlas Stationery Open In Progress Closed Edit",22
J-nc,local-r25-delete-iris-nakamura,repeated-25,0,2,delete the ticket belonging to Iris Nakamura,"button ""Delete"" | 101 Alice Chen Juniper Home Goods Open In Progress Closed Edit Delete","button ""Delete"" | 119 Iris Nakamura Juniper Home Goods Open In Progress Closed Edit Delete",77
J-nc,local-r3-edit-priya-nair,repeated-3,0,0,edit the ticket belonging to Priya Nair,"button ""Edit"" | 101 Alice Chen Juniper Home Goods Open In Progress Closed Edit","button ""Edit"" | 103 Priya Nair Harbor Knits Open In Progress Closed Edit",8
C-S-nc,local-r3-edit-priya-nair,repeated-3,1,2,open Priya Nair's ticket for editing,"button ""Edit"" | 101 Alice Chen Juniper Home Goods Open In Progress Closed Edit","button ""Edit"" | 103 Priya Nair Harbor Knits Open In Progress Closed Edit",8
J-nc,local-r10-status-omar-haddad,repeated-10,1,2,mark Omar Haddad's ticket as closed,"combobox ""Status"" | 101 Alice Chen Juniper Home Goods Open In Progress Closed Edit","combobox ""Status"" | 108 Omar Haddad Atlas Stationery Open In Progress Closed Edit",22
C-S-nc,local-r3-status-priya-nair,repeated-3,0,2,set the status to 'Closed' for Priya Nair's ticket,"combobox ""Status"" | 102 Marcus Webb Atlas Stationery Open In Progress Closed Edit","combobox ""Status"" | 103 Priya Nair Harbor Knits Open In Progress Closed Edit",8
J-nc,local-r10-delete-marcus-webb,repeated-10,1,1,remove Marcus Webb's ticket,"button ""Delete"" | 101 Alice Chen Juniper Home Goods Open In Progress Closed Edit Delete","button ""Delete"" | 102 Marcus Webb Atlas Stationery Open In Progress Closed Edit Delete",32
J-nc,local-r10-status-ben-carter,repeated-10,1,1,mark Ben Carter's ticket as closed,"combobox ""Status"" | 101 Alice Chen Juniper Home Goods Open In Progress Closed Edit","combobox ""Status"" | 110 Ben Carter Juniper Home Goods Open In Progress Closed Edit",22
J-nc,sauce-add-test.allthethings()-t-shirt-(red),repeated-6,2,0,I want to buy the Test.allTheThings() T-Shirt (Red),"button ""Add to cart"" | Sauce Labs Onesie Rib snap infant onesie for the junior automation engineer in development. Reinforced 3-snap bottom clo","button ""Add to cart"" | Test.allTheThings() T-Shirt (Red) This classic Sauce Labs t-shirt is perfect to wear when cozying up to your keyboard to",24
C-S-nc,local-r25-edit-priya-nair,repeated-25,1,0,open Priya Nair's ticket for editing,"button ""Edit"" | 101 Alice Chen Juniper Home Goods Open In Progress Closed Edit","button ""Edit"" | 103 Priya Nair Harbor Knits Open In Progress Closed Edit",52
J-nc,local-r25-status-iris-nakamura,repeated-25,0,0,set the status to 'Closed' for Iris Nakamura's ticket,"combobox ""Status"" | 101 Alice Chen Juniper Home Goods Open In Progress Closed Edit","combobox ""Status"" | 119 Iris Nakamura Juniper Home Goods Open In Progress Closed Edit",52
J-nc,local-r25-delete-priya-nair,repeated-25,0,0,delete the ticket belonging to Priya Nair,"button ""Delete"" | 101 Alice Chen Juniper Home Goods Open In Progress Closed Edit Delete","button ""Delete"" | 103 Priya Nair Harbor Knits Open In Progress Closed Edit Delete",77
J-nc,local-r10-status-marcus-webb,repeated-10,0,0,set the status to 'Closed' for Marcus Webb's ticket,"combobox ""Status"" | 101 Alice Chen Juniper Home Goods Open In Progress Closed Edit","combobox ""Status"" | 102 Marcus Webb Atlas Stationery Open In Progress Closed Edit",22
J-nc,local-r3-status-marcus-webb,repeated-3,0,0,set the status to 'Closed' for Marcus Webb's ticket,"combobox ""Status"" | 101 Alice Chen Juniper Home Goods Open In Progress Closed Edit","combobox ""Status"" | 102 Marcus Webb Atlas Stationery Open In Progress Closed Edit",8
C-S-nc,local-r25-edit-priya-nair,repeated-25,0,1,edit the ticket belonging to Priya Nair,"button ""Edit"" | 101 Alice Chen Juniper Home Goods Open In Progress Closed Edit","button ""Edit"" | 103 Priya Nair Harbor Knits Open In Progress Closed Edit",52
C-S-nc,local-r10-status-ben-carter,repeated-10,2,1,change the status on the row for Ben Carter,"combobox ""Status"" | 102 Marcus Webb Atlas Stationery Open In Progress Closed Edit","combobox ""Status"" | 110 Ben Carter Juniper Home Goods Open In Progress Closed Edit",22
C-S-nc,local-r25-status-priya-nair,repeated-25,2,2,change the status on the row for Priya Nair,"combobox ""Status"" | 101 Alice Chen Juniper Home Goods Open In Progress Closed Edit","combobox ""Status"" | 103 Priya Nair Harbor Knits Open In Progress Closed Edit",52
C-S-nc,local-r25-edit-priya-nair,repeated-25,1,2,open Priya Nair's ticket for editing,"button ""Edit"" | 101 Alice Chen Juniper Home Goods Open In Progress Closed Edit","button ""Edit"" | 103 Priya Nair Harbor Knits Open In Progress Closed Edit",52
C-S-nc,local-r3-edit-marcus-webb,repeated-3,1,1,open Marcus Webb's ticket for editing,"button ""Edit"" | 101 Alice Chen Juniper Home Goods Open In Progress Closed Edit","button ""Edit"" | 102 Marcus Webb Atlas Stationery Open In Progress Closed Edit",8
J-nc,local-r3-delete-marcus-webb,repeated-3,1,1,remove Marcus Webb's ticket,"button ""Delete"" | 101 Alice Chen Juniper Home Goods Open In Progress Closed Edit Delete","button ""Delete"" | 102 Marcus Webb Atlas Stationery Open In Progress Closed Edit Delete",11
C-S-nc,local-r3-edit-priya-nair,repeated-3,2,0,I need to change the support ticket from Priya Nair,"button ""Edit"" | 102 Marcus Webb Atlas Stationery Open In Progress Closed Edit","button ""Edit"" | 103 Priya Nair Harbor Knits Open In Progress Closed Edit",8
J-nc,local-r10-edit-omar-haddad,repeated-10,1,2,open Omar Haddad's ticket for editing,"button ""Edit"" | 101 Alice Chen Juniper Home Goods Open In Progress Closed Edit","button ""Edit"" | 108 Omar Haddad Atlas Stationery Open In Progress Closed Edit",22
J-nc,local-r10-delete-omar-haddad,repeated-10,2,0,get rid of the support ticket from Omar Haddad,"button ""Delete"" | 101 Alice Chen Juniper Home Goods Open In Progress Closed Edit Delete","button ""Delete"" | 108 Omar Haddad Atlas Stationery Open In Progress Closed Edit Delete",32
J-nc,local-r25-edit-iris-nakamura,repeated-25,0,1,edit the ticket belonging to Iris Nakamura,"button ""Edit"" | 101 Alice Chen Juniper Home Goods Open In Progress Closed Edit","button ""Edit"" | 119 Iris Nakamura Juniper Home Goods Open In Progress Closed Edit",52
J-nc,local-r10-edit-ben-carter,repeated-10,1,1,open Ben Carter's ticket for editing,"button ""Edit"" | 101 Alice Chen Juniper Home Goods Open In Progress Closed Edit","button ""Edit"" | 110 Ben Carter Juniper Home Goods Open In Progress Closed Edit",22
J-nc,local-r10-status-marcus-webb,repeated-10,0,2,set the status to 'Closed' for Marcus Webb's ticket,"combobox ""Status"" | 101 Alice Chen Juniper Home Goods Open In Progress Closed Edit","combobox ""Status"" | 102 Marcus Webb Atlas Stationery Open In Progress Closed Edit",22
C-S-nc,local-r3-status-priya-nair,repeated-3,2,1,change the status on the row for Priya Nair,"combobox ""Status"" | 102 Marcus Webb Atlas Stationery Open In Progress Closed Edit","combobox ""Status"" | 103 Priya Nair Harbor Knits Open In Progress Closed Edit",8
C-S-nc,local-r25-delete-priya-nair,repeated-25,2,0,get rid of the support ticket from Priya Nair,"button ""Delete"" | 102 Marcus Webb Atlas Stationery Open In Progress Closed Edit Delete","button ""Delete"" | 103 Priya Nair Harbor Knits Open In Progress Closed Edit Delete",77
C-S-nc,local-r3-status-priya-nair,repeated-3,1,1,mark Priya Nair's ticket as closed,"combobox ""Status"" | 102 Marcus Webb Atlas Stationery Open In Progress Closed Edit","combobox ""Status"" | 103 Priya Nair Harbor Knits Open In Progress Closed Edit",8
C-S-nc,local-r25-delete-priya-nair,repeated-25,0,1,delete the ticket belonging to Priya Nair,"button ""Delete"" | 102 Marcus Webb Atlas Stationery Open In Progress Closed Edit Delete","button ""Delete"" | 103 Priya Nair Harbor Knits Open In Progress Closed Edit Delete",77
J-nc,local-r10-status-ben-carter,repeated-10,1,2,mark Ben Carter's ticket as closed,"combobox ""Status"" | 101 Alice Chen Juniper Home Goods Open In Progress Closed Edit","combobox ""Status"" | 110 Ben Carter Juniper Home Goods Open In Progress Closed Edit",22
J-nc,local-r10-edit-omar-haddad,repeated-10,2,1,I need to change the support ticket from Omar Haddad,"button ""Edit"" | 101 Alice Chen Juniper Home Goods Open In Progress Closed Edit","button ""Edit"" | 108 Omar Haddad Atlas Stationery Open In Progress Closed Edit",22
J-nc,local-r10-edit-omar-haddad,repeated-10,0,2,edit the ticket belonging to Omar Haddad,"button ""Edit"" | 101 Alice Chen Juniper Home Goods Open In Progress Closed Edit","button ""Edit"" | 108 Omar Haddad Atlas Stationery Open In Progress Closed Edit",22
C-S-nc,local-r10-status-omar-haddad,repeated-10,0,1,set the status to 'Closed' for Omar Haddad's ticket,"combobox ""Status"" | 101 Alice Chen Juniper Home Goods Open In Progress Closed Edit","combobox ""Status"" | 108 Omar Haddad Atlas Stationery Open In Progress Closed Edit",22
C-S-nc,local-r25-delete-iris-nakamura,repeated-25,2,1,get rid of the support ticket from Iris Nakamura,"button ""Delete"" | 101 Alice Chen Juniper Home Goods Open In Progress Closed Edit Delete","button ""Delete"" | 119 Iris Nakamura Juniper Home Goods Open In Progress Closed Edit Delete",77
J-nc,local-r3-status-marcus-webb,repeated-3,2,1,change the status on the row for Marcus Webb,"combobox ""Status"" | 101 Alice Chen Juniper Home Goods Open In Progress Closed Edit","combobox ""Status"" | 102 Marcus Webb Atlas Stationery Open In Progress Closed Edit",8
J-nc,local-r3-delete-marcus-webb,repeated-3,2,2,get rid of the support ticket from Marcus Webb,"button ""Delete"" | 101 Alice Chen Juniper Home Goods Open In Progress Closed Edit Delete","button ""Delete"" | 102 Marcus Webb Atlas Stationery Open In Progress Closed Edit Delete",11
C-S-nc,local-r25-delete-priya-nair,repeated-25,2,1,get rid of the support ticket from Priya Nair,"button ""Delete"" | 102 Marcus Webb Atlas Stationery Open In Progress Closed Edit Delete","button ""Delete"" | 103 Priya Nair Harbor Knits Open In Progress Closed Edit Delete",77
J-nc,local-r25-status-maya-cohen,repeated-25,1,0,mark Maya Cohen's ticket as closed,"combobox ""Status"" | 101 Alice Chen Juniper Home Goods Open In Progress Closed Edit","combobox ""Status"" | 125 Maya Cohen Juniper Home Goods Open In Progress Closed Edit",52
C-S-nc,local-r10-delete-omar-haddad,repeated-10,1,1,remove Omar Haddad's ticket,"button ""Delete"" | 102 Marcus Webb Atlas Stationery Open In Progress Closed Edit Delete","button ""Delete"" | 108 Omar Haddad Atlas Stationery Open In Progress Closed Edit Delete",32
C-S-nc,local-r3-status-priya-nair,repeated-3,0,0,set the status to 'Closed' for Priya Nair's ticket,"combobox ""Status"" | 102 Marcus Webb Atlas Stationery Open In Progress Closed Edit","combobox ""Status"" | 103 Priya Nair Harbor Knits Open In Progress Closed Edit",8
J-nc,local-r3-status-marcus-webb,repeated-3,1,2,mark Marcus Webb's ticket as closed,"combobox ""Status"" | 101 Alice Chen Juniper Home Goods Open In Progress Closed Edit","combobox ""Status"" | 102 Marcus Webb Atlas Stationery Open In Progress Closed Edit",8
C-S-nc,local-login-submit,unique,2,0,log me in,"textbox ""Username"" | Sign in Username Password Login any username, password: demo123","button ""Login"" | Sign in Username Password Login any username, password: demo123",3
J-nc,local-r25-status-iris-nakamura,repeated-25,0,2,set the status to 'Closed' for Iris Nakamura's ticket,"combobox ""Status"" | 101 Alice Chen Juniper Home Goods Open In Progress Closed Edit","combobox ""Status"" | 119 Iris Nakamura Juniper Home Goods Open In Progress Closed Edit",52
C-S-nc,local-r10-status-marcus-webb,repeated-10,1,0,mark Marcus Webb's ticket as closed,"combobox ""Status"" | 101 Alice Chen Juniper Home Goods Open In Progress Closed Edit","combobox ""Status"" | 102 Marcus Webb Atlas Stationery Open In Progress Closed Edit",22
C-S-nc,local-r10-status-omar-haddad,repeated-10,0,0,set the status to 'Closed' for Omar Haddad's ticket,"combobox ""Status"" | 101 Alice Chen Juniper Home Goods Open In Progress Closed Edit","combobox ""Status"" | 108 Omar Haddad Atlas Stationery Open In Progress Closed Edit",22
J-nc,local-r25-edit-priya-nair,repeated-25,1,0,open Priya Nair's ticket for editing,"button ""Edit"" | 101 Alice Chen Juniper Home Goods Open In Progress Closed Edit","button ""Edit"" | 103 Priya Nair Harbor Knits Open In Progress Closed Edit",52
J-nc,local-r10-status-ben-carter,repeated-10,0,1,set the status to 'Closed' for Ben Carter's ticket,"combobox ""Status"" | 101 Alice Chen Juniper Home Goods Open In Progress Closed Edit","combobox ""Status"" | 110 Ben Carter Juniper Home Goods Open In Progress Closed Edit",22
J-nc,local-r10-status-marcus-webb,repeated-10,1,1,mark Marcus Webb's ticket as closed,"combobox ""Status"" | 101 Alice Chen Juniper Home Goods Open In Progress Closed Edit","combobox ""Status"" | 102 Marcus Webb Atlas Stationery Open In Progress Closed Edit",22
J-nc,local-r3-edit-marcus-webb,repeated-3,0,0,edit the ticket belonging to Marcus Webb,"button ""Edit"" | 101 Alice Chen Juniper Home Goods Open In Progress Closed Edit","button ""Edit"" | 102 Marcus Webb Atlas Stationery Open In Progress Closed Edit",8
J-nc,local-r3-status-marcus-webb,repeated-3,2,2,change the status on the row for Marcus Webb,"combobox ""Status"" | 101 Alice Chen Juniper Home Goods Open In Progress Closed Edit","combobox ""Status"" | 102 Marcus Webb Atlas Stationery Open In Progress Closed Edit",8
C-S-nc,local-r25-status-iris-nakamura,repeated-25,0,0,set the status to 'Closed' for Iris Nakamura's ticket,"combobox ""Status"" | 101 Alice Chen Juniper Home Goods Open In Progress Closed Edit","combobox ""Status"" | 119 Iris Nakamura Juniper Home Goods Open In Progress Closed Edit",52
J-nc,local-r25-status-priya-nair,repeated-25,0,1,set the status to 'Closed' for Priya Nair's ticket,"combobox ""Status"" | 101 Alice Chen Juniper Home Goods Open In Progress Closed Edit","combobox ""Status"" | 103 Priya Nair Harbor Knits Open In Progress Closed Edit",52
J-nc,local-r10-edit-marcus-webb,repeated-10,0,2,edit the ticket belonging to Marcus Webb,"button ""Edit"" | 101 Alice Chen Juniper Home Goods Open In Progress Closed Edit","button ""Edit"" | 102 Marcus Webb Atlas Stationery Open In Progress Closed Edit",22
C-S-nc,local-r10-delete-omar-haddad,repeated-10,0,2,delete the ticket belonging to Omar Haddad,"button ""Delete"" | 102 Marcus Webb Atlas Stationery Open In Progress Closed Edit Delete","button ""Delete"" | 108 Omar Haddad Atlas Stationery Open In Progress Closed Edit Delete",32
C-S-nc,local-r3-edit-priya-nair,repeated-3,1,0,open Priya Nair's ticket for editing,"button ""Edit"" | 101 Alice Chen Juniper Home Goods Open In Progress Closed Edit","button ""Edit"" | 103 Priya Nair Harbor Knits Open In Progress Closed Edit",8
J-nc,local-r3-form-submit,near-duplicate-button,2,1,create the ticket,"button ""New Ticket"" | Support Tickets Role Shopper Merchant Support New Ticket ID Customer Store Status Actions 101 Alice Chen Juniper Home Go","button ""Submit"" | Support Tickets Role Shopper Merchant Support New Ticket ID Customer Store Status Actions 101 Alice Chen Juniper Home Go",15
J-nc,local-r25-edit-maya-cohen,repeated-25,0,0,edit the ticket belonging to Maya Cohen,"button ""Edit"" | 101 Alice Chen Juniper Home Goods Open In Progress Closed Edit","button ""Edit"" | 125 Maya Cohen Juniper Home Goods Open In Progress Closed Edit",52
C-S-nc,local-r10-status-omar-haddad,repeated-10,1,0,mark Omar Haddad's ticket as closed,"combobox ""Status"" | 101 Alice Chen Juniper Home Goods Open In Progress Closed Edit","combobox ""Status"" | 108 Omar Haddad Atlas Stationery Open In Progress Closed Edit",22
J-nc,local-r3-edit-priya-nair,repeated-3,0,2,edit the ticket belonging to Priya Nair,"button ""Edit"" | 101 Alice Chen Juniper Home Goods Open In Progress Closed Edit","button ""Edit"" | 103 Priya Nair Harbor Knits Open In Progress Closed Edit",8
C-S-nc,sauce-login-submit,unique,2,1,log me in,"textbox ""Username"" | ","button ""Login"" | ",3
J-nc,local-r10-delete-marcus-webb,repeated-10,0,2,delete the ticket belonging to Marcus Webb,"button ""Delete"" | 101 Alice Chen Juniper Home Goods Open In Progress Closed Edit Delete","button ""Delete"" | 102 Marcus Webb Atlas Stationery Open In Progress Closed Edit Delete",32
C-S-nc,local-r25-status-iris-nakamura,repeated-25,2,2,change the status on the row for Iris Nakamura,"combobox ""Status"" | 102 Marcus Webb Atlas Stationery Open In Progress Closed Edit","combobox ""Status"" | 119 Iris Nakamura Juniper Home Goods Open In Progress Closed Edit",52
J-nc,local-r10-edit-omar-haddad,repeated-10,1,1,open Omar Haddad's ticket for editing,"button ""Edit"" | 101 Alice Chen Juniper Home Goods Open In Progress Closed Edit","button ""Edit"" | 108 Omar Haddad Atlas Stationery Open In Progress Closed Edit",22
J-nc,local-r10-delete-omar-haddad,repeated-10,0,0,delete the ticket belonging to Omar Haddad,"button ""Delete"" | 101 Alice Chen Juniper Home Goods Open In Progress Closed Edit Delete","button ""Delete"" | 108 Omar Haddad Atlas Stationery Open In Progress Closed Edit Delete",32
J-nc,local-r10-delete-omar-haddad,repeated-10,2,2,get rid of the support ticket from Omar Haddad,"button ""Delete"" | 101 Alice Chen Juniper Home Goods Open In Progress Closed Edit Delete","button ""Delete"" | 108 Omar Haddad Atlas Stationery Open In Progress Closed Edit Delete",32
J-nc,local-r10-delete-marcus-webb,repeated-10,2,2,get rid of the support ticket from Marcus Webb,"button ""Delete"" | 101 Alice Chen Juniper Home Goods Open In Progress Closed Edit Delete","button ""Delete"" | 102 Marcus Webb Atlas Stationery Open In Progress Closed Edit Delete",32
C-S-nc,local-r3-edit-alice-chen,repeated-3,2,0,I need to change the support ticket from Alice Chen,"button ""Edit"" | 102 Marcus Webb Atlas Stationery Open In Progress Closed Edit","button ""Edit"" | 101 Alice Chen Juniper Home Goods Open In Progress Closed Edit",8
C-S-nc,local-r10-delete-marcus-webb,repeated-10,2,2,get rid of the support ticket from Marcus Webb,"button ""Delete"" | 101 Alice Chen Juniper Home Goods Open In Progress Closed Edit Delete","button ""Delete"" | 102 Marcus Webb Atlas Stationery Open In Progress Closed Edit Delete",32
C-S-nc,local-r10-status-omar-haddad,repeated-10,2,0,change the status on the row for Omar Haddad,"combobox ""Status"" | 101 Alice Chen Juniper Home Goods Open In Progress Closed Edit","combobox ""Status"" | 108 Omar Haddad Atlas Stationery Open In Progress Closed Edit",22
C-S-nc,local-r25-status-maya-cohen,repeated-25,0,2,set the status to 'Closed' for Maya Cohen's ticket,"combobox ""Status"" | 101 Alice Chen Juniper Home Goods Open In Progress Closed Edit","combobox ""Status"" | 125 Maya Cohen Juniper Home Goods Open In Progress Closed Edit",52
J-nc,local-r25-delete-iris-nakamura,repeated-25,0,1,delete the ticket belonging to Iris Nakamura,"button ""Delete"" | 101 Alice Chen Juniper Home Goods Open In Progress Closed Edit Delete","button ""Delete"" | 119 Iris Nakamura Juniper Home Goods Open In Progress Closed Edit Delete",77
J-nc,local-r10-edit-marcus-webb,repeated-10,1,2,open Marcus Webb's ticket for editing,"button ""Edit"" | 101 Alice Chen Juniper Home Goods Open In Progress Closed Edit","button ""Edit"" | 102 Marcus Webb Atlas Stationery Open In Progress Closed Edit",22
J-nc,local-r25-edit-iris-nakamura,repeated-25,2,1,I need to change the support ticket from Iris Nakamura,"button ""Edit"" | 101 Alice Chen Juniper Home Goods Open In Progress Closed Edit","button ""Edit"" | 119 Iris Nakamura Juniper Home Goods Open In Progress Closed Edit",52
C-S-nc,local-r25-edit-iris-nakamura,repeated-25,2,2,I need to change the support ticket from Iris Nakamura,"button ""Edit"" | 101 Alice Chen Juniper Home Goods Open In Progress Closed Edit","button ""Edit"" | 119 Iris Nakamura Juniper Home Goods Open In Progress Closed Edit",52
J-nc,local-r25-delete-priya-nair,repeated-25,1,0,remove Priya Nair's ticket,"button ""Delete"" | 101 Alice Chen Juniper Home Goods Open In Progress Closed Edit Delete","button ""Delete"" | 103 Priya Nair Harbor Knits Open In Progress Closed Edit Delete",77
C-S-nc,local-r10-edit-ben-carter,repeated-10,1,2,open Ben Carter's ticket for editing,"button ""Edit"" | 101 Alice Chen Juniper Home Goods Open In Progress Closed Edit","button ""Edit"" | 110 Ben Carter Juniper Home Goods Open In Progress Closed Edit",22
C-S-nc,local-r10-edit-omar-haddad,repeated-10,0,1,edit the ticket belonging to Omar Haddad,"button ""Edit"" | 101 Alice Chen Juniper Home Goods Open In Progress Closed Edit","button ""Edit"" | 108 Omar Haddad Atlas Stationery Open In Progress Closed Edit",22
J-nc,local-r25-status-maya-cohen,repeated-25,1,1,mark Maya Cohen's ticket as closed,"combobox ""Status"" | 101 Alice Chen Juniper Home Goods Open In Progress Closed Edit","combobox ""Status"" | 125 Maya Cohen Juniper Home Goods Open In Progress Closed Edit",52
J-nc,local-r10-status-marcus-webb,repeated-10,1,0,mark Marcus Webb's ticket as closed,"combobox ""Status"" | 101 Alice Chen Juniper Home Goods Open In Progress Closed Edit","combobox ""Status"" | 102 Marcus Webb Atlas Stationery Open In Progress Closed Edit",22
C-S-nc,local-r10-status-ben-carter,repeated-10,1,1,mark Ben Carter's ticket as closed,"combobox ""Status"" | 101 Alice Chen Juniper Home Goods Open In Progress Closed Edit","combobox ""Status"" | 110 Ben Carter Juniper Home Goods Open In Progress Closed Edit",22
J-nc,local-r25-edit-priya-nair,repeated-25,0,0,edit the ticket belonging to Priya Nair,"button ""Edit"" | 101 Alice Chen Juniper Home Goods Open In Progress Closed Edit","button ""Edit"" | 103 Priya Nair Harbor Knits Open In Progress Closed Edit",52
J-nc,local-r25-status-priya-nair,repeated-25,1,2,mark Priya Nair's ticket as closed,"combobox ""Status"" | 101 Alice Chen Juniper Home Goods Open In Progress Closed Edit","combobox ""Status"" | 103 Priya Nair Harbor Knits Open In Progress Closed Edit",52
C-S-nc,local-r25-delete-iris-nakamura,repeated-25,1,1,remove Iris Nakamura's ticket,"button ""Delete"" | 102 Marcus Webb Atlas Stationery Open In Progress Closed Edit Delete","button ""Delete"" | 119 Iris Nakamura Juniper Home Goods Open In Progress Closed Edit Delete",77
C-S-nc,local-r3-delete-alice-chen,repeated-3,2,2,get rid of the support ticket from Alice Chen,"button ""Delete"" | 102 Marcus Webb Atlas Stationery Open In Progress Closed Edit Delete","button ""Delete"" | 101 Alice Chen Juniper Home Goods Open In Progress Closed Edit Delete",11
J-nc,local-r25-edit-priya-nair,repeated-25,1,2,open Priya Nair's ticket for editing,"button ""Edit"" | 101 Alice Chen Juniper Home Goods Open In Progress Closed Edit","button ""Edit"" | 103 Priya Nair Harbor Knits Open In Progress Closed Edit",52
J-nc,local-r25-status-maya-cohen,repeated-25,2,0,change the status on the row for Maya Cohen,"button ""Edit"" | 101 Alice Chen Juniper Home Goods Open In Progress Closed Edit","combobox ""Status"" | 125 Maya Cohen Juniper Home Goods Open In Progress Closed Edit",52
C-S-nc,local-r3-status-alice-chen,repeated-3,0,0,set the status to 'Closed' for Alice Chen's ticket,"combobox ""Status"" | 102 Marcus Webb Atlas Stationery Open In Progress Closed Edit","combobox ""Status"" | 101 Alice Chen Juniper Home Goods Open In Progress Closed Edit",8
C-S-nc,local-login-submit,unique,2,1,log me in,"textbox ""Username"" | Sign in Username Password Login any username, password: demo123","button ""Login"" | Sign in Username Password Login any username, password: demo123",3
J-nc,local-r10-status-ben-carter,repeated-10,2,1,change the status on the row for Ben Carter,"combobox ""Status"" | 101 Alice Chen Juniper Home Goods Open In Progress Closed Edit","combobox ""Status"" | 110 Ben Carter Juniper Home Goods Open In Progress Closed Edit",22
C-S-nc,local-r10-edit-marcus-webb,repeated-10,1,0,open Marcus Webb's ticket for editing,"button ""Edit"" | 101 Alice Chen Juniper Home Goods Open In Progress Closed Edit","button ""Edit"" | 102 Marcus Webb Atlas Stationery Open In Progress Closed Edit",22
J-nc,local-r10-status-omar-haddad,repeated-10,1,0,mark Omar Haddad's ticket as closed,"combobox ""Status"" | 101 Alice Chen Juniper Home Goods Open In Progress Closed Edit","combobox ""Status"" | 108 Omar Haddad Atlas Stationery Open In Progress Closed Edit",22
C-S-nc,local-r3-status-priya-nair,repeated-3,1,0,mark Priya Nair's ticket as closed,"combobox ""Status"" | 102 Marcus Webb Atlas Stationery Open In Progress Closed Edit","combobox ""Status"" | 103 Priya Nair Harbor Knits Open In Progress Closed Edit",8
J-nc,local-r25-edit-priya-nair,repeated-25,2,0,I need to change the support ticket from Priya Nair,"button ""Edit"" | 101 Alice Chen Juniper Home Goods Open In Progress Closed Edit","button ""Edit"" | 103 Priya Nair Harbor Knits Open In Progress Closed Edit",52
J-nc,local-r10-status-marcus-webb,repeated-10,2,0,change the status on the row for Marcus Webb,"combobox ""Status"" | 101 Alice Chen Juniper Home Goods Open In Progress Closed Edit","combobox ""Status"" | 102 Marcus Webb Atlas Stationery Open In Progress Closed Edit",22
C-S-nc,local-r25-status-priya-nair,repeated-25,2,0,change the status on the row for Priya Nair,"combobox ""Status"" | 102 Marcus Webb Atlas Stationery Open In Progress Closed Edit","combobox ""Status"" | 103 Priya Nair Harbor Knits Open In Progress Closed Edit",52
C-S-nc,local-r10-edit-omar-haddad,repeated-10,2,1,I need to change the support ticket from Omar Haddad,"button ""Edit"" | 101 Alice Chen Juniper Home Goods Open In Progress Closed Edit","button ""Edit"" | 108 Omar Haddad Atlas Stationery Open In Progress Closed Edit",22
C-S-nc,local-r10-edit-marcus-webb,repeated-10,1,1,open Marcus Webb's ticket for editing,"button ""Edit"" | 101 Alice Chen Juniper Home Goods Open In Progress Closed Edit","button ""Edit"" | 102 Marcus Webb Atlas Stationery Open In Progress Closed Edit",22
J-nc,local-r10-delete-marcus-webb,repeated-10,0,0,delete the ticket belonging to Marcus Webb,"button ""Delete"" | 101 Alice Chen Juniper Home Goods Open In Progress Closed Edit Delete","button ""Delete"" | 102 Marcus Webb Atlas Stationery Open In Progress Closed Edit Delete",32
J-nc,local-r10-edit-ben-carter,repeated-10,1,2,open Ben Carter's ticket for editing,"button ""Edit"" | 101 Alice Chen Juniper Home Goods Open In Progress Closed Edit","button ""Edit"" | 110 Ben Carter Juniper Home Goods Open In Progress Closed Edit",22
J-nc,local-r25-status-maya-cohen,repeated-25,2,2,change the status on the row for Maya Cohen,"button ""Edit"" | 101 Alice Chen Juniper Home Goods Open In Progress Closed Edit","combobox ""Status"" | 125 Maya Cohen Juniper Home Goods Open In Progress Closed Edit",52
J-nc,local-r10-edit-omar-haddad,repeated-10,0,0,edit the ticket belonging to Omar Haddad,"button ""Edit"" | 101 Alice Chen Juniper Home Goods Open In Progress Closed Edit","button ""Edit"" | 108 Omar Haddad Atlas Stationery Open In Progress Closed Edit",22
C-S-nc,local-r10-edit-marcus-webb,repeated-10,0,0,edit the ticket belonging to Marcus Webb,"button ""Edit"" | 101 Alice Chen Juniper Home Goods Open In Progress Closed Edit","button ""Edit"" | 102 Marcus Webb Atlas Stationery Open In Progress Closed Edit",22
J-nc,local-r10-edit-marcus-webb,repeated-10,1,0,open Marcus Webb's ticket for editing,"button ""Edit"" | 101 Alice Chen Juniper Home Goods Open In Progress Closed Edit","button ""Edit"" | 102 Marcus Webb Atlas Stationery Open In Progress Closed Edit",22
J-nc,local-r25-status-maya-cohen,repeated-25,1,2,mark Maya Cohen's ticket as closed,"combobox ""Status"" | 101 Alice Chen Juniper Home Goods Open In Progress Closed Edit","combobox ""Status"" | 125 Maya Cohen Juniper Home Goods Open In Progress Closed Edit",52
C-S-nc,local-r25-status-iris-nakamura,repeated-25,1,1,mark Iris Nakamura's ticket as closed,"combobox ""Status"" | 101 Alice Chen Juniper Home Goods Open In Progress Closed Edit","combobox ""Status"" | 119 Iris Nakamura Juniper Home Goods Open In Progress Closed Edit",52
C-S-nc,local-r25-delete-iris-nakamura,repeated-25,2,2,get rid of the support ticket from Iris Nakamura,"button ""Delete"" | 102 Marcus Webb Atlas Stationery Open In Progress Closed Edit Delete","button ""Delete"" | 119 Iris Nakamura Juniper Home Goods Open In Progress Closed Edit Delete",77
C-S-nc,local-r3-status-alice-chen,repeated-3,0,1,set the status to 'Closed' for Alice Chen's ticket,"combobox ""Status"" | 102 Marcus Webb Atlas Stationery Open In Progress Closed Edit","combobox ""Status"" | 101 Alice Chen Juniper Home Goods Open In Progress Closed Edit",8
J-nc,local-r3-edit-priya-nair,repeated-3,2,1,I need to change the support ticket from Priya Nair,"button ""Edit"" | 101 Alice Chen Juniper Home Goods Open In Progress Closed Edit","button ""Edit"" | 103 Priya Nair Harbor Knits Open In Progress Closed Edit",8
C-S-nc,local-r25-status-priya-nair,repeated-25,0,2,set the status to 'Closed' for Priya Nair's ticket,"combobox ""Status"" | 101 Alice Chen Juniper Home Goods Open In Progress Closed Edit","combobox ""Status"" | 103 Priya Nair Harbor Knits Open In Progress Closed Edit",52
J-nc,local-r25-delete-iris-nakamura,repeated-25,0,0,delete the ticket belonging to Iris Nakamura,"button ""Delete"" | 101 Alice Chen Juniper Home Goods Open In Progress Closed Edit Delete","button ""Delete"" | 119 Iris Nakamura Juniper Home Goods Open In Progress Closed Edit Delete",77
C-S-nc,local-r25-edit-priya-nair,repeated-25,2,1,I need to change the support ticket from Priya Nair,"button ""Edit"" | 101 Alice Chen Juniper Home Goods Open In Progress Closed Edit","button ""Edit"" | 103 Priya Nair Harbor Knits Open In Progress Closed Edit",52
